config,seed,ks_stat,ks_pass_rate,kendall_mae,acf_mae,phys_viol_rate,clip_frac_mean,train_seconds,phys_viol_raw,tie_frac_mean,loc
full_model,42,0.0364991437954492,0.1428571428571428,0.1200784681729483,0.346461986307594,0.0052309523809523,0.0,652.4,0.0001595238095238,0.046046046046046,ankara
full_model,123,0.0365993490499648,0.1428571428571428,0.1259519038768118,0.3866340490285222,0.0056523809523809,0.0,645.7,0.0010095238095238,0.0486200486200486,ankara
full_model,456,0.0365391097818437,0.0,0.2335709219771421,0.3749343660636716,0.0766273809523809,0.0,645.4,0.000275,0.0809380809380809,ankara
full_model,789,0.0364953084682148,0.0,0.1094519588134406,0.2467902952584602,0.117670238095238,0.0,645.3,0.0006059523809523,0.0254540254540254,ankara
full_model,2024,0.036565675580577,0.1428571428571428,0.2136562195610722,0.3065876580513536,0.0174440476190476,0.0,645.6,4.7619047619047615e-06,0.0683540683540683,ankara
no_D_temporal,42,0.0365288001407459,0.1428571428571428,0.0729495909212395,0.3006467716205153,0.0316321428571428,0.0,455.7,0.0003273809523809,0.0358930358930358,ankara
no_D_temporal,123,0.0365247478301665,0.1428571428571428,0.1184011790163609,0.3389086624437341,6.071428571428572e-05,0.0,455.7,6.666666666666667e-05,0.0333190333190333,ankara
no_D_temporal,456,0.0364867405582922,0.1428571428571428,0.2169685618774219,0.2346759287281168,0.0033547619047619,0.0,455.4,0.0022166666666666,0.0766480766480766,ankara
no_D_temporal,789,0.0364639631714754,0.0,0.1816994199636512,0.3425956102433234,0.0210404761904761,0.0,455.5,0.0003511904761904,0.0234520234520234,ankara
no_D_temporal,2024,0.0364908456486042,0.0,0.2129480490329987,0.3203832481330571,0.0001095238095238,0.0,455.6,6.30952380952381e-05,0.0354640354640354,ankara
no_D_stat,42,0.0364633004926108,0.1428571428571428,0.1318288553173035,0.3396416149756762,0.054075,0.0,245.7,0.0002107142857142,0.0042900042900042,ankara
no_D_stat,123,0.0365253284072249,0.0,0.3189333617839791,0.1706487496636868,0.0657273809523809,0.0,244.9,0.0003190476190476,0.0374660374660374,ankara
no_D_stat,456,0.0366642446633825,0.0,0.245999808686378,0.3034568426571232,0.1109095238095238,0.0,245.2,0.0,0.0953810953810953,ankara
no_D_stat,789,0.0365412796152943,0.0,0.2710288697445716,0.4539860796743309,0.0005595238095238,0.0,245.4,0.0001285714285714,0.0481910481910481,ankara
no_D_stat,2024,0.0364964637579169,0.1428571428571428,0.1632697942192845,0.3949963593333225,0.0025083333333333,0.0,245.2,0.0010071428571428,0.0354640354640354,ankara
no_D_sorted,42,0.0366294628196105,0.1428571428571428,0.1723868252057205,0.3110793673722607,0.0028392857142857,0.0,627.8,0.0,0.0304590304590304,ankara
no_D_sorted,123,0.0364659746657283,0.0,0.0755562440218333,0.3716143652728125,0.0439059523809523,0.0,628.4,4.761904761904762e-05,0.0028600028600028,ankara
no_D_sorted,456,0.0365718097583861,0.1428571428571428,0.0907836000201659,0.3479242433786182,0.0121166666666666,0.0,627.4,0.000622619047619,0.031031031031031,ankara
no_D_sorted,789,0.0375139162561576,0.1428571428571428,0.2575746239126406,0.2583098106697951,0.0331345238095238,0.0,630.7,1.1904761904761904e-06,0.3580723580723581,ankara
no_D_sorted,2024,0.0364345062162796,0.0,0.2072840138361284,0.5094925250494811,0.1082630952380952,0.0,627.2,3.5714285714285718e-06,0.0122980122980122,ankara
no_calibration,42,0.118684517945109,0.0,0.1718430990036647,0.3458330578312343,0.000625,,643.2,0.0006166666666666,,ankara
no_calibration,123,0.1697572132301196,0.0,0.2863306568955928,0.292359587976522,0.0005119047619047,,643.0,0.0005095238095238,,ankara
no_calibration,456,0.2324321252638987,0.0,0.216855184068004,0.3357584492109436,0.000372619047619,,643.0,0.0002738095238095,,ankara
no_calibration,789,0.160197771522402,0.0,0.2940250661665373,0.3601026544530079,0.0127083333333333,,643.0,0.0127071428571428,,ankara
no_calibration,2024,0.1248349812338728,0.0,0.0977665519893668,0.2889223711931932,0.0005214285714285,,643.2,0.0005023809523809,,ankara
fixed_lambda,42,0.0366374032371569,0.1428571428571428,0.2943322262524098,0.3757601965416651,0.1182107142857142,0.0,644.5,3.928571428571428e-05,0.0829400829400829,ankara
fixed_lambda,123,0.0366002990851513,0.2857142857142857,0.1307180097255075,0.3225717981231027,0.0016238095238095,0.0,644.7,0.0010047619047619,0.0709280709280709,ankara
fixed_lambda,456,0.036688711001642,0.0,0.1339617859861132,0.3912614381328126,0.0132654761904761,0.0,644.6,4.7619047619047615e-06,0.0970970970970971,ankara
fixed_lambda,789,0.0364441179920244,0.0,0.2621364535852595,0.3074983905567763,0.001072619047619,0.0,644.4,0.0,0.0336050336050336,ankara
fixed_lambda,2024,0.036747073657049,0.2857142857142857,0.2350829061547178,0.1802546585854143,0.0038464285714285,0.0,644.0,0.007375,0.0922350922350922,ankara
moment_D_stat,42,0.0365267358667604,0.0,0.1443487186521451,0.4460856832206984,0.0029345238095238,0.0,255.5,0.0026059523809523,0.0521950521950521,ankara
moment_D_stat,123,0.0364573891625615,0.1428571428571428,0.1927662883840976,0.2955956300137468,0.0001190476190476,0.0,255.7,0.0005988095238095,0.0311740311740311,ankara
moment_D_stat,456,0.0364242024395965,0.0,0.2223802973716945,0.2885940794527319,0.0295880952380952,0.0,255.5,0.0,0.0414700414700414,ankara
moment_D_stat,789,0.0364669364297443,0.1428571428571428,0.1830595915035719,0.3512176419127927,0.0071261904761904,0.0,255.7,0.0003297619047619,0.0357500357500357,ankara
moment_D_stat,2024,0.0367272167487684,0.2857142857142857,0.1993964998067615,0.2386577070229933,0.0574761904761904,0.0,255.3,0.0,0.0696410696410696,ankara
rank_D_sort,42,0.03651986863711,0.1428571428571428,0.1035674700394479,0.3612332638830592,0.0934821428571428,0.0,648.8,0.0002190476190476,0.0477620477620477,ankara
rank_D_sort,123,0.0365035421064977,0.0,0.383552491315684,0.1150645206985438,0.2744178571428571,0.0,648.9,0.0432166666666666,0.0388960388960388,ankara
rank_D_sort,456,0.0365282782078348,0.1428571428571428,0.3051013590167323,0.3095708591129602,0.0137345238095238,0.0,649.3,0.2260964285714285,0.1133991133991133,ankara
rank_D_sort,789,0.0366043689889749,0.1428571428571428,0.1973813304222512,0.2499537275645986,0.1326583333333333,0.0,648.6,0.0190547619047619,0.062062062062062,ankara
rank_D_sort,2024,0.0367581632653061,0.0,0.3775834409032436,0.2692270911358461,0.2069428571428571,0.0,650.8,0.0239821428571428,0.065065065065065,ankara
no_aux_losses,42,0.0365488974900304,0.1428571428571428,0.2080125728104372,0.2575472552634083,0.00385,0.0,734.4,9.285714285714286e-05,0.0461890461890461,ankara
no_aux_losses,123,0.0365129955430448,0.1428571428571428,0.0945408311745834,0.3364639564470603,0.004097619047619,0.0,733.5,0.0003095238095238,0.0433290433290433,ankara
no_aux_losses,456,0.036467247243725,0.1428571428571428,0.1905798533114262,0.4020031310778471,0.0007547619047619,0.0,733.3,2.3809523809523808e-06,0.0609180609180609,ankara
no_aux_losses,789,0.0364225369458128,0.0,0.215817376688432,0.3310706453621547,0.0051761904761904,0.0,733.7,0.0059095238095238,0.0201630201630201,ankara
no_aux_losses,2024,0.037011722965048,0.2857142857142857,0.268655199274337,0.3923417555423659,0.0921345238095238,0.0,733.5,0.0,0.0496210496210496,ankara
full_model,42,0.0346109547267182,0.2857142857142857,0.0884350999810956,0.4017784549960543,0.0005047619047619,0.0,651.9,5.595238095238095e-05,0.0094380094380094,dubai
full_model,123,0.0345014015951208,0.2857142857142857,0.3046692800611766,0.2316046187334392,0.1913023809523809,0.0,649.0,0.0019690476190476,0.0213070213070213,dubai
full_model,456,0.0346593537414966,0.2857142857142857,0.1102352764659831,0.319043118095402,2.619047619047619e-05,0.0,649.0,0.0012178571428571,0.005005005005005,dubai
full_model,789,0.0347055066854327,0.2857142857142857,0.1529491256260388,0.2508682432477487,0.0061904761904761,0.0,650.2,0.0004785714285714,0.0446160446160446,dubai
full_model,2024,0.0346086969270466,0.2857142857142857,0.1384394417240522,0.1976523062155239,0.0640119047619047,0.0,649.8,0.0,0.021021021021021,dubai
no_D_temporal,42,0.0345136171710063,0.1428571428571428,0.1148025157280613,0.2778552964080116,6.19047619047619e-05,0.0,457.6,0.0003511904761904,0.0025740025740025,dubai
no_D_temporal,123,0.0345934670419892,0.2857142857142857,0.0917970935962379,0.3062755576927135,0.001745238095238,0.0,457.5,0.0001535714285714,0.0041470041470041,dubai
no_D_temporal,456,0.0344766830870279,0.2857142857142857,0.1508212959402983,0.3441098650622448,0.0,0.0,457.5,0.0,0.0383240383240383,dubai
no_D_temporal,789,0.0344948979591836,0.2857142857142857,0.2039950433069711,0.2375311975592671,0.0,0.0,457.7,0.0045369047619047,0.0,dubai
no_D_temporal,2024,0.0345605500821017,0.2857142857142857,0.1387587320210668,0.290091730125848,0.0,0.0,457.6,0.0003309523809523,0.0014300014300014,dubai
no_D_stat,42,0.0346022577996715,0.2857142857142857,0.1307726740214629,0.3176419175415393,0.1039988095238095,0.0,247.1,0.0006785714285714,0.0057200057200057,dubai
no_D_stat,123,0.0346723844710298,0.1428571428571428,0.1211097338806734,0.2967003923275083,0.0540785714285714,0.0,246.9,0.0,0.0237380237380237,dubai
no_D_stat,456,0.0345618226600985,0.2857142857142857,0.2012396997523045,0.3894709227757112,0.0,0.0,248.1,0.0,0.038038038038038,dubai
no_D_stat,789,0.0345359078114004,0.1428571428571428,0.1459251702399858,0.3848983330026171,8.095238095238095e-05,0.0,247.5,0.0,0.0,dubai
no_D_stat,2024,0.034559365470326,0.2857142857142857,0.0896486087079744,0.2421568873495868,0.0006892857142857,0.0,247.5,9.523809523809524e-05,0.0042900042900042,dubai
no_D_sorted,42,0.0345165024630542,0.2857142857142857,0.2984730881435667,0.3057651716994209,0.0209488095238095,0.0,633.7,1.1904761904761904e-06,0.0035750035750035,dubai
no_D_sorted,123,0.034521352334037,0.2857142857142857,0.5931889757649264,0.1850920039059168,0.0041261904761904,0.0,633.8,0.0,0.0197340197340197,dubai
no_D_sorted,456,0.0346281843771991,0.2857142857142857,0.4746033059354258,0.2357982323174449,0.0982285714285714,0.0,634.6,0.0,0.0065780065780065,dubai
no_D_sorted,789,0.0349736980999296,0.1428571428571428,0.3597320568521007,0.2045658015841812,8.333333333333334e-06,0.0,632.8,1.0714285714285714e-05,0.1535821535821535,dubai
no_D_sorted,2024,0.0346025862068965,0.2857142857142857,0.1913550468774869,0.3221359299446943,0.0720464285714285,0.0,633.1,0.0,0.0248820248820248,dubai
no_calibration,42,0.1097486629134412,0.0,0.1402442868617195,0.2906105437228938,0.0001178571428571,,647.6,0.0001297619047619,,dubai
no_calibration,123,0.1771541168191414,0.0,0.1650498588747934,0.3742536452754815,0.0012154761904761,,647.7,0.0011142857142857,,dubai
no_calibration,456,0.1519822777386816,0.0,0.1772084419737813,0.2188812735837026,0.001445238095238,,648.3,0.0013369047619047,,dubai
no_calibration,789,0.0968025920713112,0.0,0.2054522440221706,0.2780269586919059,0.0,,648.3,1.1904761904761904e-06,,dubai
no_calibration,2024,0.1665917604973023,0.0,0.1676254916461972,0.2348248312391481,0.0,,650.3,1.1904761904761904e-06,,dubai
fixed_lambda,42,0.0345533837673,0.2857142857142857,0.0829263981200484,0.2616401550595335,1.1904761904761904e-06,0.0,649.6,1.1904761904761904e-06,0.0048620048620048,dubai
fixed_lambda,123,0.0345335972319962,0.2857142857142857,0.1527652185124259,0.3016042894209579,1.1904761904761903e-05,0.0,653.2,4.047619047619048e-05,0.0032890032890032,dubai
fixed_lambda,456,0.0345965106732348,0.2857142857142857,0.0679957940846418,0.2409021708927019,3.095238095238095e-05,0.0,651.4,4.7619047619047615e-06,0.0211640211640211,dubai
fixed_lambda,789,0.0345268296973961,0.1428571428571428,0.1033467952193514,0.3207624329029619,5.9523809523809525e-06,0.0,649.4,0.0,0.0002860002860002,dubai
fixed_lambda,2024,0.0346082219094534,0.1428571428571428,0.1891408107639038,0.2703323878171105,0.0036809523809523,0.0,651.0,0.0001035714285714,0.0077220077220077,dubai
moment_D_stat,42,0.0344917253108139,0.2857142857142857,0.278346102968971,0.3146511378447109,0.0,0.0,257.4,0.0003571428571428,0.0002860002860002,dubai
moment_D_stat,123,0.0345170185315505,0.2857142857142857,0.1674110785978149,0.3369188639289894,4.7619047619047615e-06,0.0,257.9,0.000970238095238,0.0,dubai
moment_D_stat,456,0.0345117053718038,0.2857142857142857,0.1878375359750648,0.3331629617391617,0.0001297619047619,0.0,259.1,0.0026285714285714,0.0,dubai
moment_D_stat,789,0.0345333567909922,0.1428571428571428,0.1729079918378991,0.2677515518217354,8.333333333333333e-05,0.0,257.9,8.333333333333334e-06,0.0102960102960102,dubai
moment_D_stat,2024,0.0345622448979591,0.2857142857142857,0.0752106554618028,0.2098953033089345,0.0309761904761904,0.0,257.5,0.0018571428571428,0.003003003003003,dubai
rank_D_sort,42,0.0364100926577527,0.1428571428571428,0.3215763465731899,0.3071429078752434,0.0159523809523809,0.0,652.3,0.0396607142857142,0.2692692692692692,dubai
rank_D_sort,123,0.0349754456955196,0.2857142857142857,0.333872175418599,0.2024906617808429,0.1919583333333333,0.0,652.7,0.0041559523809523,0.1731731731731731,dubai
rank_D_sort,456,0.0346378137461881,0.2857142857142857,0.2808864989916247,0.1591970035354979,0.188875,0.0,653.9,0.0346464285714285,0.0497640497640497,dubai
rank_D_sort,789,0.0348122155758855,0.2857142857142857,0.3172205823240853,0.136207125179153,8.452380952380952e-05,0.0,654.4,0.1075059523809523,0.084084084084084,dubai
rank_D_sort,2024,0.0345211529439361,0.2857142857142857,0.2528294688095713,0.2536168519677512,0.00385,0.0,654.1,0.0056619047619047,0.0082940082940082,dubai
no_aux_losses,42,0.0345640100867933,0.2857142857142857,0.1258195248211444,0.2138659798866521,0.0510142857142857,0.0,737.9,0.0013642857142857,0.0459030459030459,dubai
no_aux_losses,123,0.0345533075299085,0.1428571428571428,0.3025208068030567,0.2764594295261515,0.0151285714285714,0.0,738.0,0.0001464285714285,0.0135850135850135,dubai
no_aux_losses,456,0.0345963640628665,0.1428571428571428,0.1413750657000253,0.2313558905277117,0.08715,0.0,738.4,1.1904761904761904e-06,0.0338910338910338,dubai
no_aux_losses,789,0.0344801137696458,0.1428571428571428,0.146434275058226,0.4059326548808453,0.1756488095238095,0.0,737.4,0.003575,0.045045045045045,dubai
no_aux_losses,2024,0.03451419188365,0.1428571428571428,0.1595090733910546,0.161752055746242,0.0007511904761904,0.0,738.3,0.0001273809523809,0.0,dubai
full_model,42,0.0362449976542341,0.1428571428571428,0.1826058482337689,0.3242392898259968,0.0241535714285714,,650.4,0.0005392857142857,0.0446160446160446,bergen
full_model,123,0.0361724900304949,0.1428571428571428,0.0991434731960561,0.3767159099565417,0.0173095238095238,,649.1,0.001420238095238,0.0303160303160303,bergen
full_model,456,0.0365068496364062,0.1428571428571428,0.1534501127766115,0.285115163210876,0.0661285714285714,,650.5,0.0183404761904761,0.09009009009009,bergen
full_model,789,0.0364890745953553,0.1428571428571428,0.2895375137635113,0.3280751623728103,0.0982488095238095,,649.1,2.738095238095238e-05,0.0606320606320606,bergen
full_model,2024,0.0363977832512315,0.1428571428571428,0.306259352362225,0.3867848163289352,0.0175809523809523,,648.4,0.000147619047619,0.0963820963820963,bergen
no_D_temporal,42,0.0363175052779732,0.0,0.3379721764606868,0.4029898764525416,0.0202809523809523,,457.8,8.333333333333334e-06,0.0311740311740311,bergen
no_D_temporal,123,0.0365119282195636,0.1428571428571428,0.1801281214204003,0.3334492116924608,0.0653297619047619,,457.7,0.004825,0.055055055055055,bergen
no_D_temporal,456,0.0363159512080694,0.1428571428571428,0.1727858479879631,0.4164740889221797,0.0195583333333333,,457.7,0.0007428571428571,0.0347490347490347,bergen
no_D_temporal,789,0.0362474900304949,0.0,0.2173845422604709,0.1825389318496128,0.0207880952380952,,457.8,0.0001023809523809,0.0541970541970541,bergen
no_D_temporal,2024,0.0363678688716865,0.1428571428571428,0.1473440094969687,0.3060136806014542,0.0172785714285714,,457.5,0.0044666666666666,0.0622050622050622,bergen
no_D_stat,42,0.0363709946047384,0.0,0.2217000987876651,0.3763251854514445,0.066422619047619,,247.4,1.1904761904761904e-06,0.0797940797940798,bergen
no_D_stat,123,0.0364991613886934,0.1428571428571428,0.141890049384655,0.3588628842440196,0.3463452380952381,,247.6,0.0,0.1029601029601029,bergen
no_D_stat,456,0.03643001993901,0.1428571428571428,0.2077299695693214,0.3687194770702994,0.0202630952380952,,247.5,0.0036261904761904,0.055055055055055,bergen
no_D_stat,789,0.0363541461412151,0.0,0.14329703102432,0.2995102096451946,0.0542654761904761,,247.3,0.0002380952380952,0.0358930358930358,bergen
no_D_stat,2024,0.0364131890687309,0.1428571428571428,0.1844990797606875,0.3827497015097099,0.0252392857142857,,247.2,2.3809523809523808e-06,0.0856570856570856,bergen
no_D_sorted,42,0.0365160157166315,0.0,0.3041969705229786,0.4304186353358739,0.2940202380952381,,632.9,0.0,0.0592020592020592,bergen
no_D_sorted,123,0.0371446692470091,0.0,0.2645001624754476,0.2629226997495706,0.0675130952380952,,631.5,0.0,0.3238953238953238,bergen
no_D_sorted,456,0.0364022577996715,0.1428571428571428,0.2332768632155648,0.4271749686344231,0.236625,,632.4,5e-05,0.0195910195910195,bergen
no_D_sorted,789,0.0364498709828759,0.1428571428571428,0.1989810228619819,0.4465950513394843,0.0537714285714285,,635.7,0.0002738095238095,0.0346060346060346,bergen
no_D_sorted,2024,0.0363166314801782,0.1428571428571428,0.2645097120871286,0.368592114514888,0.0344595238095238,,633.3,0.0,0.0607750607750607,bergen
no_calibration,42,0.2242009558996012,0.0,0.2685050810800266,0.3621927550904417,0.0019321428571428,,648.8,0.0019321428571428,,bergen
no_calibration,123,0.2471452380952381,0.0,0.2790492143448478,0.4528450868860544,0.0,,648.5,0.0,,bergen
no_calibration,456,0.190593754398311,0.0,0.3153387357942294,0.2958310530343488,0.0,,649.4,0.0,,bergen
no_calibration,789,0.0974064508562045,0.0,0.098076917640421,0.4201245872152422,9.523809523809525e-06,,649.0,9.523809523809525e-06,,bergen
no_calibration,2024,0.1536059641097818,0.0,0.1738960399878826,0.2907373935847326,0.0001023809523809,,648.9,0.0001023809523809,,bergen
fixed_lambda,42,0.0364568203143326,0.1428571428571428,0.0939095687542482,0.4395625774651052,0.0212773809523809,,649.7,0.0003464285714285,0.0278850278850278,bergen
fixed_lambda,123,0.0363143502228477,0.0,0.2486925783988935,0.2148288600339129,0.0184845238095238,,649.1,0.0007833333333333,0.043043043043043,bergen
fixed_lambda,456,0.0363161095472671,0.0,0.2324788007169143,0.4465870457415595,0.0202797619047619,,650.2,0.0010440476190476,0.0642070642070642,bergen
fixed_lambda,789,0.036239408866995,0.0,0.2217164075071484,0.2894373605787164,0.0669309523809523,,651.7,0.0124011904761904,0.0574860574860574,bergen
fixed_lambda,2024,0.0363163558526859,0.0,0.148085113207007,0.429910422206781,0.017647619047619,,649.8,0.0017642857142857,0.036036036036036,bergen
moment_D_stat,42,0.0364196751114238,0.1428571428571428,0.3698250383603134,0.2050935748838628,0.225897619047619,,257.5,3.809523809523809e-05,0.1009581009581009,bergen
moment_D_stat,123,0.0364026917663617,0.1428571428571428,0.2053619405301473,0.1940899303086614,0.0503380952380952,,259.5,0.002272619047619,0.0795080795080795,bergen
moment_D_stat,456,0.0363433556181093,0.1428571428571428,0.2104008625695705,0.1797383093174687,0.0181059523809523,,258.0,0.0001916666666666,0.0411840411840411,bergen
moment_D_stat,789,0.0364499824067558,0.1428571428571428,0.1521732321655997,0.3804251434226335,0.0201738095238095,,258.2,0.0003273809523809,0.0672100672100672,bergen
moment_D_stat,2024,0.0362278442411447,0.1428571428571428,0.183917953817471,0.1475018317275761,0.0188357142857142,,257.4,0.0,0.0449020449020449,bergen
rank_D_sort,42,0.0362965106732347,0.0,0.3517267561800585,0.1830422566973543,0.2130190476190476,,652.9,0.0169130952380952,0.1278421278421278,bergen
rank_D_sort,123,0.0362922120572367,0.0,0.2133946853563748,0.2564611657345024,0.2792666666666666,,653.0,8.571428571428571e-05,0.027027027027027,bergen
rank_D_sort,456,0.036504714989444,0.1428571428571428,0.2356054819432063,0.2136359182906678,0.2464690476190476,,653.2,0.047622619047619,0.1284141284141284,bergen
rank_D_sort,789,0.0371361365235749,0.0,0.2323752086133028,0.2064604465292324,0.2190940476190476,,656.0,0.1661630952380952,0.1538681538681539,bergen
rank_D_sort,2024,0.036625216983345,0.0,0.1460238986000056,0.2001429133885865,0.1074607142857142,,654.0,0.5032166666666666,0.1165451165451165,bergen
no_aux_losses,42,0.0363549612948627,0.1428571428571428,0.2027905779093266,0.375659530901527,0.0294654761904761,,738.8,0.0004988095238095,0.0574860574860574,bergen
no_aux_losses,123,0.0364278207834858,0.0,0.3180623518734619,0.433719589098999,0.0174095238095238,,740.0,0.000145238095238,0.0401830401830401,bergen
no_aux_losses,456,0.036429779498006,0.0,0.1688940855282898,0.4262321279130397,0.056497619047619,,739.3,0.0001238095238095,0.0686400686400686,bergen
no_aux_losses,789,0.0362310227539291,0.0,0.2620633449091321,0.4219383967930595,0.0278714285714285,,737.7,0.0014285714285714,0.0294580294580294,bergen
no_aux_losses,2024,0.0365651829697396,0.0,0.3460356038462362,0.3360228577714271,0.0186416666666666,,737.9,0.0006130952380952,0.1136851136851136,bergen
full_model,42,0.0849488153882242,0.0,0.2809517497312436,0.2676798362278085,0.1049809523809523,,651.5,3.928571428571428e-05,0.082082082082082,lhasa
full_model,123,0.0848234400656814,0.0,0.199136834877212,0.2383435297293298,0.0011619047619047,,650.2,0.002970238095238,0.0397540397540397,lhasa
full_model,456,0.0849739678630072,0.0,0.1357389617266792,0.1771414203640528,0.1094630952380952,,649.5,0.0025880952380952,0.0466180466180466,lhasa
full_model,789,0.0848542927515833,0.0,0.266344691833999,0.2469823168757176,0.0882142857142857,,649.3,0.0001583333333333,0.1374231374231374,lhasa
full_model,2024,0.0847734224724372,0.0,0.1287140250034006,0.3332353641786679,0.0002916666666666,,650.0,0.0026071428571428,0.0044330044330044,lhasa
no_D_temporal,42,0.0846663148017827,0.0,0.2021407851487555,0.3313794245032196,0.0005285714285714,,459.3,0.0002142857142857,0.0034320034320034,lhasa
no_D_temporal,123,0.0847588728594886,0.0,0.1659231003036186,0.3108970580206953,0.0031119047619047,,458.2,9.642857142857145e-05,0.0287430287430287,lhasa
no_D_temporal,456,0.0847645202908749,0.0,0.1802508647834607,0.2754138570788622,0.0003083333333333,,458.7,0.0010654761904761,0.024024024024024,lhasa
no_D_temporal,789,0.0847405172413793,0.0,0.1526839812370881,0.3245550545087347,0.0003928571428571,,458.8,0.00055,0.0091520091520091,lhasa
no_D_temporal,2024,0.0847556650246305,0.0,0.1880938330060917,0.3265707050057386,0.0058511904761904,,458.9,0.0006988095238095,0.0338910338910338,lhasa
no_D_stat,42,0.0847611423879896,0.0,0.2145951388098648,0.3469270358625332,0.0003690476190476,,247.0,2.857142857142857e-05,0.0248820248820248,lhasa
no_D_stat,123,0.0848189420595824,0.0,0.11023817857346,0.3659854770265641,0.0112095238095238,,246.9,0.0006404761904761,0.0411840411840411,lhasa
no_D_stat,456,0.0847268707482993,0.0,0.1493290200023961,0.3865560730206736,0.0003273809523809,,247.5,0.0,0.0108680108680108,lhasa
no_D_stat,789,0.084805524278677,0.0,0.1806531866548863,0.2080609380857959,0.0346833333333333,,247.2,5.9523809523809525e-06,0.0363220363220363,lhasa
no_D_stat,2024,0.0848091074360778,0.0,0.2244404884014093,0.2131448871918507,0.0356333333333333,,247.2,0.0003869047619047,0.0098670098670098,lhasa
no_D_sorted,42,0.0847854210649777,0.0,0.2047346540830454,0.2379201051517707,0.1512488095238095,,632.8,0.0,0.0281710281710281,lhasa
no_D_sorted,123,0.0847615646258503,0.0,0.2594215013367764,0.2661919209941993,0.0619880952380952,,635.3,0.0,0.0143000143000143,lhasa
no_D_sorted,456,0.0850980940652123,0.0,0.1851300790033495,0.2244620989246738,0.0113690476190476,,631.1,0.0,0.3138853138853138,lhasa
no_D_sorted,789,0.0848663030729533,0.0,0.3261486631819472,0.2252252614200771,0.0002369047619047,,633.0,0.0,0.0007150007150007,lhasa
no_D_sorted,2024,0.08468689889749,0.0,0.279655089778826,0.2629581956782703,0.0792880952380952,,633.3,0.0,0.0024310024310024,lhasa
no_calibration,42,0.2105492962702322,0.0,0.1370848240881789,0.1812882919537384,0.0021071428571428,,648.8,0.0021071428571428,,lhasa
no_calibration,123,0.1799214872155758,0.0,0.1182055007161118,0.2004944828367902,0.0042404761904761,,649.6,0.0042404761904761,,lhasa
no_calibration,456,0.1879379075768238,0.0,0.140546668309801,0.1858888529653375,9.285714285714286e-05,,649.0,9.285714285714286e-05,,lhasa
no_calibration,789,0.1426239268121041,0.0,0.1826589957292074,0.2242221692808024,0.0003738095238095,,648.6,0.0003738095238095,,lhasa
no_calibration,2024,0.1271860075064508,0.0,0.1324117442236767,0.2365027563723458,0.0015178571428571,,648.7,0.0015178571428571,,lhasa
fixed_lambda,42,0.0847523223082336,0.0,0.1730317295161968,0.2023763693217833,0.1027559523809523,,649.2,0.0037523809523809,0.0001430001430001,lhasa
fixed_lambda,123,0.0847130190007037,0.0,0.2477063090872912,0.276466336135721,0.0016714285714285,,648.4,0.0004309523809523,0.0195910195910195,lhasa
fixed_lambda,456,0.0847834212995542,0.0,0.1733113863460638,0.2792278085058642,0.0126869047619047,,649.3,0.0001619047619047,0.0038610038610038,lhasa
fixed_lambda,789,0.0848109136758151,0.0,0.2127494657200727,0.1733415728301923,0.0010654761904761,,649.0,0.004197619047619,0.0227370227370227,lhasa
fixed_lambda,2024,0.0847269352568613,0.0,0.0853561036971558,0.266757082297305,0.0003392857142857,,651.3,0.0016892857142857,0.0048620048620048,lhasa
moment_D_stat,42,0.084717487684729,0.0,0.1629436893035514,0.377333349315894,0.0006,,256.7,0.0,0.001001001001001,lhasa
moment_D_stat,123,0.0847747243725076,0.0,0.1570012761863768,0.1853871672688529,0.001020238095238,,257.5,0.0004488095238095,0.0267410267410267,lhasa
moment_D_stat,456,0.0848165141918836,0.0,0.1918637436854993,0.368916026313252,0.0011380952380952,,257.0,0.0,0.0426140426140426,lhasa
moment_D_stat,789,0.0847888341543513,0.0,0.116469931973297,0.1385965884917157,0.0060845238095238,,257.7,1.1904761904761904e-06,0.0098670098670098,lhasa
moment_D_stat,2024,0.0847978888106967,0.0,0.1882626940582704,0.1851238398462086,0.0457202380952381,,259.8,0.0004714285714285,0.0158730158730158,lhasa
rank_D_sort,42,0.0848703788411916,0.0,0.247282029510456,0.1534687935520486,0.3051035714285714,,652.8,0.0263380952380952,0.0481910481910481,lhasa
rank_D_sort,123,0.0849360485573539,0.0,0.2241575406470748,0.2633330793076996,0.0477738095238095,,652.6,0.0257797619047619,0.1099671099671099,lhasa
rank_D_sort,456,0.0850099577762139,0.0,0.1842872797171259,0.1861914066988404,0.2053571428571428,,653.0,0.1343583333333333,0.0899470899470899,lhasa
rank_D_sort,789,0.0851505336617405,0.0,0.1999643497812845,0.2580339668456958,0.0253130952380952,,652.8,0.0201,0.1328471328471328,lhasa
rank_D_sort,2024,0.0848620748299319,0.0,0.2287394158059556,0.3407361924504695,0.0836773809523809,,653.0,0.016372619047619,0.0367510367510367,lhasa
no_aux_losses,42,0.0846852099460473,0.0,0.082193749143479,0.3206084346940902,0.0132511904761904,,740.1,0.0015964285714285,0.0301730301730301,lhasa
no_aux_losses,123,0.0846828641801548,0.0,0.250362518636581,0.220757286635684,0.0095095238095238,,740.4,0.0001107142857142,0.0521950521950522,lhasa
no_aux_losses,456,0.0848778442411447,0.0,0.1488456272752854,0.2097855100146594,0.0011571428571428,,740.4,0.0001607142857142,0.0451880451880451,lhasa
no_aux_losses,789,0.0847672237860661,0.0,0.2345102147211412,0.2409507258591417,0.0019666666666666,,739.6,0.001370238095238,0.0261690261690261,lhasa
no_aux_losses,2024,0.0848078231292516,0.0,0.1954628142674976,0.217302800495272,0.0750011904761904,,740.2,0.001147619047619,0.0158730158730158,lhasa
full_model,42,0.0507698569082805,0.0,0.1237395967175544,0.2620141470944382,0.0628464285714285,,650.6,2.261904761904762e-05,0.0906620906620906,yakutsk
full_model,123,0.048944716162327,0.0,0.1299584349398941,0.3635038173472242,0.0080916666666666,,649.1,3.809523809523809e-05,0.0154440154440154,yakutsk
full_model,456,0.0494537063101102,0.0,0.1538037968971788,0.2921738332218602,0.0065047619047619,,649.0,0.0006547619047619,0.0607750607750607,yakutsk
full_model,789,0.0496839139103917,0.0,0.1188365092081474,0.2793451899468347,0.0602285714285714,,649.8,0.0026333333333333,0.1613041613041613,yakutsk
full_model,2024,0.0491898076471968,0.0,0.1480309786322035,0.3521004031895031,0.0515773809523809,,650.0,0.0001892857142857,0.0602030602030602,yakutsk
no_D_temporal,42,0.0491076647900539,0.0,0.1116249404930972,0.3864919534939224,0.0948321428571428,,458.4,0.0033880952380952,0.0586300586300586,yakutsk
no_D_temporal,123,0.0491679920243959,0.0,0.0487218075484517,0.3614158170019712,0.0071535714285714,,458.7,0.0004761904761904,0.0556270556270556,yakutsk
no_D_temporal,456,0.0491177105324888,0.0,0.1060606112433502,0.3603103671683609,0.0451833333333333,,458.6,1.1904761904761903e-05,0.047047047047047,yakutsk
no_D_temporal,789,0.0493351864883884,0.0,0.0982637954463303,0.3462612441359211,0.0090833333333333,,458.8,0.0010309523809523,0.0569140569140569,yakutsk
no_D_temporal,2024,0.0491684377199155,0.0,0.1173733589159738,0.3703456079583711,0.0523142857142857,,458.6,0.0009083333333333,0.057057057057057,yakutsk
no_D_stat,42,0.0492631069669247,0.0,0.1905568387557912,0.3103035274714057,0.0153595238095238,,247.7,0.0007916666666666,0.0537680537680537,yakutsk
no_D_stat,123,0.0491294217687074,0.0,0.144503983336313,0.3779530968426582,0.0069666666666666,,249.3,4.1666666666666665e-05,0.043043043043043,yakutsk
no_D_stat,456,0.0493242728125733,0.0,0.1263633133809485,0.3334924486859313,0.0540261904761904,,247.7,8.333333333333334e-06,0.0949520949520949,yakutsk
no_D_stat,789,0.0493218508092892,0.0,0.0836908229498895,0.3235952999878049,0.015370238095238,,246.8,0.0005130952380952,0.074074074074074,yakutsk
no_D_stat,2024,0.0492596235045742,0.0,0.0723958871018173,0.1971666875497142,0.0316404761904761,,247.3,1.1904761904761903e-05,0.0692120692120692,yakutsk
no_D_sorted,42,0.0502048733286418,0.0,0.5183985704217325,0.1969255452104142,0.123125,,631.8,1.1904761904761904e-06,0.4641784641784641,yakutsk
no_D_sorted,123,0.0503645202908749,0.0,0.2966303206670002,0.2043677768488433,0.0318107142857142,,631.5,5.1190476190476193e-05,0.3526383526383526,yakutsk
no_D_sorted,456,0.0489132477128782,0.0,0.1742409340564659,0.4034669052441246,0.0776845238095238,,631.8,2.857142857142857e-05,0.0004290004290004,yakutsk
no_D_sorted,789,0.0492210180623973,0.0,0.2024548984446838,0.4597977732855671,0.0780678571428571,,632.1,0.0,0.0998140998140998,yakutsk
no_D_sorted,2024,0.0489486277269528,0.0,0.2604471291802004,0.3305995805306225,0.1139642857142857,,636.0,0.0,0.0008580008580008,yakutsk
no_calibration,42,0.1489767417311752,0.0,0.2107572067927564,0.2773758874120641,0.0,,648.9,0.0,,yakutsk
no_calibration,123,0.1294528852920478,0.0,0.0967187619675167,0.3622276539024794,0.0041607142857142,,647.4,0.0041607142857142,,yakutsk
no_calibration,456,0.1173035831574009,0.0,0.1300198657261511,0.4596429799594866,0.0009773809523809,,647.2,0.0009773809523809,,yakutsk
no_calibration,789,0.1711473844710298,0.0,0.122228445253349,0.1805300076190253,6.428571428571429e-05,,647.5,6.428571428571429e-05,,yakutsk
no_calibration,2024,0.159683732113535,0.0,0.1023033063279001,0.4189751000668805,3.809523809523809e-05,,647.9,3.809523809523809e-05,,yakutsk
fixed_lambda,42,0.050088077644851,0.0,0.1588880372698818,0.329134914447694,0.0562047619047619,,649.5,6.547619047619048e-05,0.06006006006006,yakutsk
fixed_lambda,123,0.0492941238564391,0.0,0.0955452778132233,0.3532712782199151,0.108775,,649.3,6.785714285714286e-05,0.0866580866580866,yakutsk
fixed_lambda,456,0.0491451677222613,0.0,0.1788574003089004,0.4094847318215903,0.0061416666666666,,649.7,0.0002309523809523,0.0762190762190762,yakutsk
fixed_lambda,789,0.0496215575885526,0.0,0.0348352287200803,0.25716305431518,0.0374630952380952,,648.9,8.333333333333334e-06,0.0933790933790933,yakutsk
fixed_lambda,2024,0.0493131890687309,0.0,0.1579211722886566,0.2487960848880745,0.051870238095238,,648.2,0.0001023809523809,0.0942370942370942,yakutsk
moment_D_stat,42,0.0491510673234811,0.0,0.1292413233269638,0.3996442395572711,0.0363428571428571,,257.0,1.785714285714286e-05,0.048048048048048,yakutsk
moment_D_stat,123,0.0494196633825944,0.0,0.1086866893624461,0.4336388763131465,0.0163761904761904,,257.3,0.0003011904761904,0.0646360646360646,yakutsk
moment_D_stat,456,0.0491916549378371,0.0,0.2512431998487465,0.4305777217261998,0.1274583333333333,,257.0,0.0,0.0427570427570427,yakutsk
moment_D_stat,789,0.0491057999061693,0.0,0.0657628581603637,0.350748768564199,0.055070238095238,,258.1,0.009497619047619,0.0437580437580437,yakutsk
moment_D_stat,2024,0.0492518648838846,0.0,0.2097687849688172,0.3856087606714632,0.0349738095238095,,258.6,0.0,0.0722150722150722,yakutsk
rank_D_sort,42,0.0493593889279849,0.0,0.1778681314329387,0.2351345664644794,0.3193202380952381,,657.2,0.0032440476190476,0.2033462033462033,yakutsk
rank_D_sort,123,0.0490614532019704,0.0,0.2629183353484132,0.238504052354172,0.4156392857142857,,653.9,0.0007809523809523,0.0374660374660374,yakutsk
rank_D_sort,456,0.0489910802251935,0.0,0.3975703687944198,0.2464720697678146,0.1474238095238095,,654.3,0.0060416666666666,0.099099099099099,yakutsk
rank_D_sort,789,0.0494786828524513,0.0,0.29376439711508,0.11922896683475,0.2701190476190476,,653.2,0.1481011904761904,0.2479622479622479,yakutsk
rank_D_sort,2024,0.0496582453671123,0.0,0.2063154663158096,0.2858525100790672,0.3207583333333333,,652.5,0.2913678571428571,0.1737451737451737,yakutsk
no_aux_losses,42,0.0497335151301899,0.0,0.1024795718890321,0.1515219051144032,0.0152130952380952,,739.0,7.976190476190476e-05,0.132990132990133,yakutsk
no_aux_losses,123,0.0490331046211588,0.0,0.2141932688174276,0.3597726073160962,0.0063285714285714,,739.6,2.3809523809523808e-06,0.0288860288860288,yakutsk
no_aux_losses,456,0.0491492669481585,0.0,0.1145023265934121,0.4898324898552433,0.0232785714285714,,739.3,0.0014023809523809,0.0582010582010582,yakutsk
no_aux_losses,789,0.0490839842833685,0.0,0.0689239034851372,0.3028760273941155,0.0290869047619047,,738.9,6.071428571428572e-05,0.0407550407550407,yakutsk
no_aux_losses,2024,0.0507453964344358,0.0,0.2235994865053226,0.3142719475418521,0.0078357142857142,,738.9,0.0,0.1746031746031746,yakutsk
