loc,config,ks_stat_mean,ks_stat_std,kendall_mae_mean,kendall_mae_std,acf_mae_mean,acf_mae_std,phys_viol_rate_mean,phys_viol_rate_std,phys_viol_raw_mean,phys_viol_raw_std,tie_frac_mean_mean,tie_frac_mean_std,ks_floor,ks_over_floor
ankara,fixed_lambda,0.03662352099460472,0.00011449062023411055,0.21124627634080156,0.07503160052108061,0.31546929638795423,0.08333129744933292,0.027603809523809458,0.05088830074563088,0.0016847619047619037,0.0032097361320543106,0.07536107536107534,0.025386251169143746,0.0363233921905069,1.0082626865498607
ankara,full_model,0.0365397173352099,4.4295881932587786e-05,0.160541894480283,0.05830589213545271,0.3322816709419203,0.05688469118172103,0.04452499999999994,0.050421397716122376,0.00041095238095236093,0.0004009372876358228,0.05388245388245384,0.021440104480988445,0.0363233921905069,1.0059555325551213
ankara,moment_D_stat,0.03652049612948622,0.00012134244329697503,0.1883902791436541,0.02856432639912654,0.3240301483245926,0.07904018590065282,0.01944880952380948,0.02422341369952845,0.00070690476190474,0.0010908404855213857,0.04604604604604598,0.01535138338488451,0.0363233921905069,1.0054263637588021
ankara,no_D_sorted,0.03672313394323242,0.0004490119189753478,0.16071706139929773,0.07718339474822651,0.3596840623485935,0.09402440673044972,0.04005190476190472,0.04147477212803661,0.0001349999999999905,0.00027331814085866565,0.0869440869440869,0.15204402363212813,0.0363233921905069,1.011005077681869
ankara,no_D_stat,0.03653812338728588,7.650856138524646e-05,0.22621213795030332,0.07724516066723489,0.33254592926082793,0.10695207668087196,0.046755952380952356,0.04642500966954623,0.00033309523809519996,0.0003944290342235695,0.044158444158444075,0.03297686856338292,0.0363233921905069,1.0059116504222065
ankara,no_D_temporal,0.03649901946985684,2.736495917280399e-05,0.16059336016233444,0.06290121821582344,0.3074420442337493,0.043972944291897,0.01123952380952378,0.014343375926358887,0.0006049999999999608,0.0009113759656659891,0.040955240955240904,0.02058173989038853,0.0363233921905069,1.0048351012600591
ankara,no_aux_losses,0.0365926800375322,0.0002390321958704424,0.19552116665184316,0.06351771962988831,0.34388534873856724,0.057877586455091355,0.02120261904761902,0.039686240690110466,0.0012628571428571391,0.002600618385383473,0.044044044044044,0.014926913600114288,0.0363233921905069,1.0074136205564987
ankara,no_calibration,0.16118132183908043,0.04549237598117641,0.21336411162463312,0.08205072240068118,0.3245952241329802,0.032202986886090294,0.0029478571428571,0.0054570099787487406,0.00292190476190472,0.005471542126551736,,,0.0363233921905069,4.437397283649215
ankara,rank_D_sort,0.036582844241144705,0.0001053948317712265,0.27343721833947177,0.12105231957313752,0.2610098924790016,0.09204985651338177,0.14424714285714282,0.10077214013468336,0.06251380952380949,0.09271686536677694,0.06543686543686536,0.028847527694048157,0.0363233921905069,1.0071428364751025
bergen,fixed_lambda,0.03632860896082566,7.890578799206848e-05,0.18897649371684228,0.06565094946176088,0.364065253205215,0.10569543734157939,0.028924047619047582,0.021294726429904865,0.0032678571428571,0.005131555248529174,0.04573144573144568,0.014993686035162183,0.035997857104462884,1.009188098486056
bergen,full_model,0.036362239033544394,0.00014833501170643385,0.20619926006643458,0.08910295972029428,0.340186068339032,0.04165228391915525,0.04468428571428568,0.03617490185521855,0.004094999999999951,0.007982142386633959,0.06440726440726437,0.02850506183603688,0.035997857104462884,1.0101223227822729
bergen,moment_D_stat,0.03636870982875906,8.781146540483115e-05,0.22433580548862037,0.08450199226871022,0.22136975793204047,0.09151142936654981,0.06667023809523805,0.09003977887603543,0.0005659523809523476,0.0009628931008075323,0.06675246675246672,0.024819980798990917,0.035997857104462884,1.0103020777936862
bergen,no_D_sorted,0.03656588904527324,0.00033160163597603426,0.2530929462326203,0.03934738180827762,0.38714069391484796,0.07547301480486597,0.13727785714285712,0.11921627832046107,6.47619047619e-05,0.00011884983570333417,0.09961389961389955,0.1265636335658496,0.035997857104462884,1.0157796043014997
bergen,no_D_stat,0.036413502228477564,5.687808833417658e-05,0.1798232457053298,0.036494558591110164,0.3572334915841336,0.033474355126424535,0.10250714285714282,0.13767786048135466,0.0007735714285714058,0.001597958856062582,0.07187187187187183,0.02644122527372908,0.035997857104462884,1.0115463851864435
bergen,no_D_temporal,0.03635214872155752,9.904605101188668e-05,0.21112293952529795,0.07521319670170878,0.3282931579036498,0.09370529703465347,0.028647142857142822,0.02055008021664226,0.0020290476190475866,0.002408783559592154,0.047476047476047424,0.013668300466579188,0.035997857104462884,1.009842019653184
bergen,no_aux_losses,0.03640175346000464,0.0001219760729891908,0.25956919281328933,0.0747494094959837,0.39871450049561047,0.04178426467131786,0.029977142857142796,0.01576760572971831,0.00056190476190472,0.0005299177138450124,0.06189046189046181,0.032675360574250883,0.035997857104462884,1.0112200110792617
bergen,no_calibration,0.18259047267182732,0.059285794843667465,0.22697319776948147,0.08898976465493619,0.36434617516216394,0.07256118199661692,0.00040880952380950195,0.0008526609010883885,0.00040880952380950195,0.0008526609010883885,,,0.035997857104462884,5.072259499835351
bergen,rank_D_sort,0.03657095824536706,0.00034633061264014115,0.23582520613858962,0.07418308965300373,0.21194854012806869,0.027337183008132496,0.21306190476190473,0.06458929421141732,0.14680023809523807,0.20954689945722696,0.11073931073931072,0.048750529401493256,0.035997857104462884,1.01592042379748
dubai,fixed_lambda,0.0345637086558761,3.684684802527732e-05,0.11923500334007427,0.050515600997401856,0.27904828721865316,0.031949097576935974,0.00074619047619046,0.001640620760441522,2.999999999999429e-05,4.4411304254403293e-05,0.007464607464607399,0.008116061270150403,0.03441189394958361,1.0044116928441926
dubai,full_model,0.034617182735162975,7.59861556214055e-05,0.15894564477166925,0.08520017223342692,0.28018934825763364,0.08112658744063835,0.052407142857142805,0.08215862593641421,0.0007442857142856961,0.0008400416217687293,0.02027742027742026,0.015368158239045405,0.03441189394958361,1.0059656346111066
dubai,moment_D_stat,0.0345232101806239,2.640386823266768e-05,0.17634267296831052,0.07220818337426678,0.2924759637287064,0.05374291476999893,0.006238809523809508,0.01382872427519488,0.0011642857142856668,0.001078140024625004,0.00271700271700268,0.0044214571239068225,0.03441189394958361,1.0032348184962845
dubai,no_D_sorted,0.03464846469622328,0.00018832450558316563,0.3834704947147013,0.15571082848398388,0.2506714278903316,0.06080727184009111,0.03907166666666663,0.04376768948663918,2.380952380952381e-06,4.6869094488165545e-06,0.041670241670241595,0.06318629244710527,0.03441189394958361,1.006874679637984
dubai,no_D_stat,0.03458634764250525,5.368695815340925e-05,0.1377391773204802,0.04103992012662761,0.3261736905993925,0.06215990049344539,0.031769523809523796,0.04662138115390059,0.00015476190476189906,0.0002957081511517546,0.01435721435721432,0.01605350966705061,0.03441189394958361,1.0050695754548478
dubai,no_D_temporal,0.034527843068261746,4.8169893935033154e-05,0.14003493611852708,0.04234511204562666,0.291172729369617,0.03900760270033674,0.0003614285714285524,0.000774037329105003,0.00107452380952376,0.0019408082172850422,0.009295009295009262,0.01629888003228182,0.03441189394958361,1.0033694489134486
dubai,no_aux_losses,0.03454159746657282,4.519441934913632e-05,0.1751317491547014,0.07222671627011046,0.2578732021135205,0.09239335420366736,0.0659385714285714,0.06989285743991859,0.0010428571428571151,0.0015200176034307245,0.02768482768482764,0.020230249991673856,0.03441189394958361,1.003769147876
dubai,no_calibration,0.14045588200797554,0.035395075250730046,0.1711160646757324,0.023548566259669577,0.2793194505026264,0.0607745938510595,0.0005557142857142399,0.0007134237855106623,0.0005166666666666504,0.0006540385614849237,,,0.03441189394958361,4.081608591894288
dubai,rank_D_sort,0.0350713441238564,0.0007679926224847082,0.30127701442341404,0.033509858844121096,0.21173091006769768,0.0696543556827381,0.0801440476190476,0.10084112953008621,0.0383261904761904,0.04193960476501662,0.11691691691691683,0.10459737615213517,0.03441189394958361,1.0191634373638063
lhasa,fixed_lambda,0.08475732230823359,4.0200584499480745e-05,0.17843099887335606,0.060611724167085795,0.23963383381817316,0.04858695605355602,0.023703809523809457,0.04448155348070353,0.00204642857142852,0.0018592093966250539,0.01023881023881018,0.010187994983821875,0.08462512456462758,1.0015621571523365
lhasa,full_model,0.08487478770818666,8.462909543640144e-05,0.20217725263450687,0.070963050419102,0.2526764934751153,0.05625441473689684,0.060822380952380906,0.05542913212953805,0.0016726190476190027,0.0014453447340432926,0.062062062062062016,0.050342245273535265,0.08462512456462758,1.0029502248279518
lhasa,moment_D_stat,0.08477908984283364,3.7625848547903905e-05,0.16330826704139897,0.0302980170829552,0.2510713942471846,0.11307466354084449,0.01091261904761902,0.019587186344799407,0.00018428571428569522,0.0002519276589647523,0.01921921921921918,0.016081508959970216,0.08462512456462758,1.0018193802254138
lhasa,no_D_sorted,0.08483965634529672,0.00015801481204920278,0.2510179974767889,0.05704972510539871,0.2433515164337982,0.02013068177341123,0.06082619047619044,0.060488661145092736,0.0,0.0,0.07190047190047186,0.135720410413619,0.08462512456462758,1.0025350837800577
lhasa,no_D_stat,0.08478431738212522,3.905234825352905e-05,0.1758512024884033,0.04715285100138816,0.30413488223748353,0.0865437737809858,0.01644452380952378,0.017652570899269644,0.0002123809523809219,0.00028949458459951696,0.02462462462462456,0.014301587215081735,0.08462512456462758,1.001881153124638
lhasa,no_D_temporal,0.0847371780436312,4.059797184827122e-05,0.17781851289580292,0.019211435325492212,0.31376321982345007,0.022747057756356878,0.00203857142857138,0.0024326070286386616,0.0005249999999999743,0.00038831884443493904,0.019848419848419802,0.013015919834117316,0.08462512456462758,1.0013241159712334
lhasa,no_aux_losses,0.0847641930565329,8.318966012299017e-05,0.18227498480879684,0.06832299398807316,0.24188095153976946,0.04549531299504582,0.0201771428571428,0.031067768478552832,0.0008771428571427801,0.0006954054348514034,0.03391963391963386,0.014669333562860987,0.08462512456462758,1.0016433475592597
lhasa,no_calibration,0.16964372507623732,0.03408189600849249,0.14218154661339516,0.024173193366271276,0.20567931068180284,0.02401764382835437,0.0016664285714285288,0.0016574841431540592,0.0016664285714285288,0.0016574841431540592,,,0.08462512456462758,2.00464963507004
lhasa,rank_D_sort,0.08496579873328636,0.0001191906998948568,0.21688612309237937,0.024831009795119655,0.2403526877709508,0.07314340277608392,0.13344499999999998,0.1184766844635669,0.04458976190476188,0.05035198963697953,0.08354068354068347,0.0406490829108632,0.08462512456462758,1.004025685875341
yakutsk,fixed_lambda,0.049492423176166984,0.00037533777396686266,0.12520942328014847,0.05943456395778163,0.3195700127384908,0.06748239894700994,0.052090952380952335,0.03726715866657085,9.499999999997333e-05,8.315201362329609e-05,0.08211068211068205,0.014279765443563781,0.04877608487956956,1.0146862606616767
yakutsk,full_model,0.04960840018766124,0.0007061002818935082,0.13487386327899564,0.015303448340310938,0.3098274781599721,0.045263355158973055,0.03784976190476186,0.028205253243250142,0.0007076190476190371,0.0011064951382313783,0.07767767767767765,0.05391213493577936,0.04877608487956956,1.0170640040123495
yakutsk,moment_D_stat,0.0492240100867933,0.00012185775628328621,0.15294057113346746,0.0758499616639137,0.4000436733664559,0.03427637547060678,0.054044285714285656,0.0432625241998398,0.0019633333333333087,0.004213739825419506,0.054282854282854245,0.013334562059584606,0.04877608487956956,1.009183295632064
yakutsk,no_D_sorted,0.049530457424349,0.0007010214013693832,0.29043437055401655,0.13614936931738725,0.31903151622391435,0.11740521223796842,0.08493047619047615,0.03613548192365611,1.6190476190476193e-05,2.3062691844232772e-05,0.18358358358358354,0.21287588419085615,0.04877608487956956,1.0154660331316467
yakutsk,no_D_stat,0.04925965517241376,7.908285527734428e-05,0.1235021691049519,0.047807913603351224,0.30850221210750284,0.06722087172542164,0.02467261904761898,0.018687910348599134,0.0002733333333333124,0.0003599981103502634,0.06700986700986697,0.019907756574690866,0.04877608487956956,1.0099140858483857
yakutsk,no_D_temporal,0.0491793983110485,9.147578120736178e-05,0.09640890272944064,0.02757576553539101,0.36496499795170934,0.014802478330545711,0.0417133333333333,0.036073269395508804,0.0011630952380951925,0.0013067199419932011,0.055055055055055015,0.004601628173803549,0.04877608487956956,1.008268671675366
yakutsk,no_aux_losses,0.0495490534834623,0.0007258760945670788,0.14473971145806633,0.06980493594440419,0.32365499544434206,0.12152062522850951,0.01634857142857138,0.009803678888878188,0.0003090476190476086,0.0006122038133418202,0.08708708708708705,0.06351098242655161,0.04877608487956956,1.0158472867554096
yakutsk,no_calibration,0.14531286535303772,0.02192844634413228,0.13240551721353466,0.04590190351938899,0.33975032579198716,0.1122471869842761,0.0010480952380952104,0.0017874480868727836,0.0010480952380952104,0.0017874480868727836,,,0.04877608487956956,2.979182640669541
yakutsk,rank_D_sort,0.04930977011494248,0.0002809150565435598,0.26768733980133225,0.08574140567585121,0.22503843310005664,0.06252329706152052,0.2946521428571428,0.09773176522843295,0.08990714285714281,0.12889952926649778,0.15232375232375225,0.08401495108798764,0.04877608487956956,1.0109415349077446
