loc,model,seed,train_seconds,ks_stat,ks_pass_rate,kendall_mae,acf_mae,phys_viol_rate,phys_viol_raw,ks_stat_raw,tie_frac_mean
ankara,rcgan,42,66.9,0.1235747243725076,0.14285714285714285,0.39246303050367937,0.299160632727354,0.25108214285714286,0.9718154761904761,0.9008127375087966,0.16044616044616045
ankara,rcgan,123,62.7,0.03648045977011494,0.14285714285714285,0.694628528369207,0.30469178059261626,0.3141535714285714,0.0,0.7590919716162327,0.06435006435006435
ankara,rcgan,456,62.7,0.0363051372273047,0.14285714285714285,0.3662935546590709,0.23862660880109635,0.24717857142857144,0.0,0.7341638458831808,0.0
ankara,rcgan,789,62.8,0.036311980999296264,0.14285714285714285,0.3488320266242744,0.18167139885325354,0.21445595238095239,0.010389285714285714,0.6727136875439831,0.0
ankara,rcgan,2024,62.8,0.03638047736335914,0.14285714285714285,0.42477680568961346,0.3018438338822395,0.22482142857142856,3.5714285714285714e-06,0.6929053190241613,0.0
ankara,timegan,42,65.3,0.03630981116584563,0.14285714285714285,0.08637192818718015,0.14299193049792255,0.0020833333333333333,0.0,0.15300053366174055,0.0
ankara,timegan,123,59.4,0.03637569200093832,0.14285714285714285,0.5453367472159758,0.28061680152787305,0.0038773809523809525,0.0,0.18157668308702793,0.0
ankara,timegan,456,65.2,0.03630925991086089,0.14285714285714285,0.09444386282955412,0.14281842822664342,0.02444404761904762,0.0,0.15260607553366176,0.0
ankara,timegan,789,65.1,0.03631710063335679,0.14285714285714285,0.2364484866528017,0.22907880582583373,0.013125,0.005933333333333333,0.1258247712878255,0.0
ankara,timegan,2024,66.2,0.036321651419188375,0.0,0.22573636518164794,0.13656391903456075,0.02685952380952381,0.0,0.101914825240441,0.0
dubai,rcgan,42,62.4,0.03445791109547267,0.14285714285714285,0.4116319166510006,0.20934671776083782,0.31645119047619047,0.3732666666666667,0.6921065564156698,0.0
dubai,rcgan,123,62.5,0.0344561048557354,0.2857142857142857,0.48748231311693285,0.241997845028932,0.16330833333333333,0.9860333333333333,0.7460461939948394,0.000429000429000429
dubai,rcgan,456,62.4,0.03444673938540934,0.2857142857142857,0.5654645721304797,0.25833651822347165,0.1556797619047619,0.012621428571428572,0.6032118871686605,0.008866008866008867
dubai,rcgan,789,62.4,0.03442899953084684,0.2857142857142857,0.5179570986364282,0.23159045371744763,0.24463690476190475,0.49551190476190476,0.41448081749941357,0.0
dubai,rcgan,2024,62.5,0.03442629603565565,0.2857142857142857,0.26236424028122357,0.25083590171876896,0.09445357142857143,0.0,0.62484039408867,0.0
dubai,timegan,42,65.9,0.03441864297443116,0.14285714285714285,0.14183848110878103,0.168916024000668,0.047379761904761904,0.0,0.15725197044334974,0.0
dubai,timegan,123,63.6,0.03442943349753696,0.2857142857142857,0.33706523942082606,0.21064663289095953,0.006451190476190476,0.002923809523809524,0.13353361482524045,0.0
dubai,timegan,456,66.2,0.03442814919071077,0.2857142857142857,0.2554616099601856,0.257064902679894,0.004572619047619048,0.0004928571428571429,0.13815536007506451,0.0
dubai,timegan,789,65.9,0.0344208538587849,0.2857142857142857,0.09680068367761331,0.2171429967425301,0.021146428571428573,0.017873809523809524,0.11646966338259442,0.0
dubai,timegan,2024,65.4,0.034415781140042234,0.2857142857142857,0.13780047550187796,0.22574445606407018,0.019190476190476192,0.0,0.12141617405582923,0.0
bergen,rcgan,42,62.4,0.035999630541871934,0.14285714285714285,0.7219758001942446,0.3090855635379244,0.42352142857142855,0.562002380952381,0.696489889749003,0.0
bergen,rcgan,123,62.6,0.03601587497067792,0.14285714285714285,0.21261311443344424,0.304768465452947,0.15680595238095238,0.999177380952381,0.7570347935726015,0.0
bergen,rcgan,456,62.6,0.03600052779732584,0.14285714285714285,0.2659982766598583,0.2125417559187083,0.3226952380952381,0.0,0.6391973961998593,0.0
bergen,rcgan,789,62.6,0.035990218156228014,0.14285714285714285,0.4386130670448076,0.1776337891708047,0.33938452380952383,0.009202380952380953,0.7490331515364766,0.0
bergen,rcgan,2024,62.6,0.03630566502463054,0.0,0.3873857908732883,0.22040192611230638,0.3695357142857143,0.9997630952380953,0.7215436136523576,0.06964106964106964
bergen,timegan,42,66.3,0.036005412854797095,0.14285714285714285,0.12321343352281851,0.24223664930955727,0.1391,0.0,0.13372756274923764,0.0
bergen,timegan,123,66.3,0.03600473258268825,0.0,0.10255291956865493,0.2958726206022987,0.10560833333333333,0.11096904761904762,0.13624205371803894,0.0
bergen,timegan,456,64.8,0.03599790053952616,0.14285714285714285,0.16494272820826028,0.17365740229537285,0.07191071428571429,0.0,0.12194817616701856,0.0
bergen,timegan,789,66.1,0.03600750058644147,0.14285714285714285,0.1862268132929554,0.1447640576944433,0.054479761904761906,0.010635714285714287,0.13603499882711706,0.0
bergen,timegan,2024,66.2,0.035994528501055605,0.0,0.1460660029666735,0.33811387895870254,0.17938690476190478,0.0960452380952381,0.17470923645320197,0.0
lhasa,rcgan,42,61.8,0.08461864883884587,0.0,0.43790129726673505,0.25182625297392086,0.016407142857142856,0.09887738095238095,0.5147951032136994,0.0
lhasa,rcgan,123,61.8,0.08460961764015952,0.0,0.2570236186936624,0.3018517530589514,0.09381904761904762,1.1904761904761904e-06,0.7452724196575182,0.0
lhasa,rcgan,456,61.8,0.08461304832277738,0.0,0.6067325671850288,0.37208575753534573,0.03979642857142857,0.009175,0.7899984811165845,0.0
lhasa,rcgan,789,61.9,0.08467382125263898,0.0,0.41840246302476297,0.2096989610233396,0.1467892857142857,0.0,0.8206880541871922,0.0
lhasa,rcgan,2024,61.9,0.08461939948393152,0.0,0.4859539776390546,0.217262029601762,0.13371190476190475,0.0,0.7832790992258972,0.0
lhasa,timegan,42,65.9,0.08460585268590196,0.0,0.06996670762200222,0.20693849065599718,0.04174761904761905,0.002586904761904762,0.14099123269997654,0.0
lhasa,timegan,123,65.6,0.0846184611775745,0.0,0.06964809755708828,0.24638769356051213,0.021079761904761903,0.0,0.1329565740089139,0.0
lhasa,timegan,456,65.6,0.08461939948393146,0.0,0.19659333864366793,0.2532924525993267,0.034795238095238094,0.035988095238095236,0.16104750175932445,0.0
lhasa,timegan,789,65.8,0.0846457248416608,0.0,0.16810322957821952,0.23055917103266016,0.05363333333333333,0.0,0.15087793807178043,0.0
lhasa,timegan,2024,65.9,0.08460827468918601,0.0,0.1688197645815601,0.3611048538778595,0.006035714285714286,0.0,0.16744079286887167,0.0
yakutsk,rcgan,42,61.8,0.04879526741731175,0.0,0.3691844216430061,0.2804986736731523,0.3076261904761905,0.1845642857142857,0.6402107084212997,0.0
yakutsk,rcgan,123,61.8,0.048790053952615535,0.0,0.5291775135827052,0.14576984999237672,0.4801190476190476,0.8234035714285715,0.7332905172413794,0.0
yakutsk,rcgan,456,61.7,0.04884136171710063,0.0,0.40796869392285773,0.19823190182718925,0.33299285714285715,0.9999964285714286,0.7558846176401596,0.005863005863005863
yakutsk,rcgan,789,61.7,0.048786670185315496,0.0,0.31754983242445317,0.14364323906315715,0.49585833333333335,0.013655952380952381,0.7610675404644616,0.0
yakutsk,rcgan,2024,61.7,0.048794094534365465,0.0,0.3409273340575332,0.4279138628268466,0.4330988095238095,0.34988690476190476,0.5718037590898427,0.0
yakutsk,timegan,42,66.2,0.04879473961998592,0.0,0.4467909677222252,0.28333205151667773,0.07121071428571428,0.19276666666666667,0.15236483110485574,0.0
yakutsk,timegan,123,66.0,0.04879363124560169,0.0,0.31838009508659876,0.1659991664084351,0.05671428571428572,0.0,0.1399712819610603,0.0
yakutsk,timegan,456,65.2,0.04883976073187896,0.0,0.24651752239170555,0.09977469230274316,0.1565202380952381,0.11191904761904761,0.1783957834858081,0.0
yakutsk,timegan,789,65.8,0.04878478184377198,0.0,0.08558004508615559,0.19425365050347917,0.06863214285714286,0.028886904761904763,0.14891401008679334,0.0
yakutsk,timegan,2024,66.1,0.04879302721088435,0.0,0.11809467387600325,0.26460230236799803,0.015945238095238096,0.09731785714285714,0.16363903354445225,0.0
