loc,config,ks_stat,kendall_mae,acf_mae,phys_viol_rate
ankara,no_D_temporal,-0.1,0.0,-7.5,-74.8
ankara,no_D_stat,-0.0,40.9,0.1,5.0
ankara,no_D_sorted,0.5,0.1,8.2,-10.0
ankara,no_calibration,341.1,32.9,-2.3,-93.4
ankara,fixed_lambda,0.2,31.6,-5.1,-38.0
ankara,moment_D_stat,-0.1,17.3,-2.5,-56.3
ankara,rank_D_sort,0.1,70.3,-21.4,224.0
ankara,no_aux_losses,0.1,21.8,3.5,-52.4
dubai,no_D_temporal,-0.3,-11.9,3.9,-99.3
dubai,no_D_stat,-0.1,-13.3,16.4,-39.4
dubai,no_D_sorted,0.1,141.3,-10.5,-25.4
dubai,no_calibration,305.7,7.7,-0.3,-98.9
dubai,fixed_lambda,-0.2,-25.0,-0.4,-98.6
dubai,moment_D_stat,-0.3,10.9,4.4,-88.1
dubai,rank_D_sort,1.3,89.5,-24.4,52.9
dubai,no_aux_losses,-0.2,10.2,-8.0,25.8
bergen,no_D_temporal,-0.0,2.4,-3.5,-35.9
bergen,no_D_stat,0.1,-12.8,5.0,129.4
bergen,no_D_sorted,0.6,22.7,13.8,207.2
bergen,no_calibration,402.1,10.1,7.1,-99.1
bergen,fixed_lambda,-0.1,-8.4,7.0,-35.3
bergen,moment_D_stat,0.0,8.8,-34.9,49.2
bergen,rank_D_sort,0.6,14.4,-37.7,376.8
bergen,no_aux_losses,0.1,25.9,17.2,-32.9
lhasa,no_D_temporal,-0.2,-12.0,24.2,-96.6
lhasa,no_D_stat,-0.1,-13.0,20.4,-73.0
lhasa,no_D_sorted,-0.0,24.2,-3.7,0.0
lhasa,no_calibration,99.9,-29.7,-18.6,-97.3
lhasa,fixed_lambda,-0.1,-11.7,-5.2,-61.0
lhasa,moment_D_stat,-0.1,-19.2,-0.6,-82.1
lhasa,rank_D_sort,0.1,7.3,-4.9,119.4
lhasa,no_aux_losses,-0.1,-9.8,-4.3,-66.8
yakutsk,no_D_temporal,-0.9,-28.5,17.8,10.2
yakutsk,no_D_stat,-0.7,-8.4,-0.4,-34.8
yakutsk,no_D_sorted,-0.2,115.3,3.0,124.4
yakutsk,no_calibration,192.9,-1.8,9.7,-97.2
yakutsk,fixed_lambda,-0.2,-7.2,3.1,37.6
yakutsk,moment_D_stat,-0.8,13.4,29.1,42.8
yakutsk,rank_D_sort,-0.6,98.5,-27.4,678.5
yakutsk,no_aux_losses,-0.1,7.3,4.5,-56.8
