loc,seed,proj,ks_stat,kendall_mae,acf_mae,phys_viol_rate
ankara,42,False,0.03655242200328408,0.12122203069683375,0.3439841510416299,0.004933333333333333
ankara,42,True,0.03655242200328408,0.12129920954753738,0.34390835241014794,0.0
ankara,123,False,0.03656767534600046,0.12429064671392114,0.3812371698081122,0.004467857142857143
ankara,123,True,0.03656818555008209,0.12435701284478262,0.38123261241097883,0.0
ankara,456,False,0.03651144147314096,0.23498060599665938,0.3777700225774698,0.07756785714285715
ankara,456,True,0.038730629838142135,0.23546560822029505,0.3760584949924593,0.0
ankara,789,False,0.036507717569786546,0.10936013331757859,0.2366382831689128,0.1198952380952381
ankara,789,True,0.0393592012667136,0.09214984142325953,0.2364725399160387,0.0
ankara,2024,False,0.03652608491672531,0.2139768006852175,0.30206117897016027,0.017994047619047618
ankara,2024,True,0.03652608491672531,0.21400611010337425,0.3013830344096585,0.0
dubai,42,False,0.034542663617171024,0.08767482209142312,0.3902181315179501,0.0008583333333333333
dubai,42,True,0.03454504456955198,0.08767455484931709,0.3902143709578194,0.0
dubai,123,False,0.03452687661271406,0.3042051284661576,0.22846997284547627,0.18880238095238094
dubai,123,True,0.04776268472906405,0.27239651931296255,0.2232029371717894,0.0
dubai,456,False,0.03461349988271171,0.10764186396796192,0.34408351771750845,2.380952380952381e-05
dubai,456,True,0.03461349988271171,0.10764186126666637,0.34408363677630505,0.0
dubai,789,False,0.034635796387520505,0.15503691000192427,0.24554824521314847,0.006060714285714286
dubai,789,True,0.034635796387520505,0.15474276778329882,0.24553682700913243,0.0
dubai,2024,False,0.034596487215575886,0.1382327064064977,0.1962364145432152,0.06358928571428571
dubai,2024,True,0.03599024747830166,0.13586550018140928,0.19559423914793567,0.0
bergen,42,False,0.03629168425991087,0.18307979976042454,0.3184342022105986,0.02454642857142857
bergen,42,True,0.03629168425991087,0.1832661578359588,0.3192714946638283,0.0
bergen,123,False,0.03632630190007038,0.09661491217279168,0.37039564533265745,0.01736547619047619
bergen,123,True,0.03632630190007038,0.09659131126873588,0.3704478764108592,0.0
bergen,456,False,0.036398821252639,0.1519093875554511,0.2969105273322624,0.06703928571428572
bergen,456,True,0.03707359254046448,0.15216394857700077,0.29516967919356824,0.0
bergen,789,False,0.036327750410509015,0.2884341230473982,0.3254286344337295,0.09271309523809523
bergen,789,True,0.03739901477832512,0.2874694675691949,0.32533527971082404,0.0
bergen,2024,False,0.03645537766830871,0.30664906594389607,0.3870003612609383,0.017425
bergen,2024,True,0.036457758620689666,0.306686332413334,0.3879716362006503,0.0
lhasa,42,False,0.08500365939479239,0.27950155600097987,0.2607941841453751,0.09967857142857142
lhasa,42,True,0.0865752228477598,0.2767325602068372,0.25876882771410326,0.0
lhasa,123,False,0.08476276683087026,0.19896481662544374,0.22972112542727136,0.0012714285714285714
lhasa,123,True,0.0847789232934553,0.19900699221900506,0.22972800074873825,0.0
lhasa,456,False,0.08497046094299789,0.13527748318135127,0.17747994835943398,0.11297261904761904
lhasa,456,True,0.08739740206427397,0.12188137123947473,0.17558319029797523,0.0
lhasa,789,False,0.08474946633825944,0.26598028559771447,0.2200158961736336,0.08558333333333333
lhasa,789,True,0.0881985632183908,0.263186374050961,0.21936299068755796,0.0
lhasa,2024,False,0.08475835092657753,0.13050796627605085,0.3329813536017608,0.0003619047619047619
lhasa,2024,True,0.08475835092657753,0.13050796907015885,0.33300927533272795,0.0
yakutsk,42,False,0.050823533896317157,0.1267401222751032,0.2337160977119345,0.06730119047619047
yakutsk,42,True,0.050823533896317157,0.12879894579662587,0.23089499816340925,0.0
yakutsk,123,False,0.048907975604034704,0.12174102201935956,0.3608893559437309,0.007147619047619048
yakutsk,123,True,0.048907975604034704,0.12174222488062547,0.36088898133636454,0.0
yakutsk,456,False,0.049332101806239745,0.1567849544626753,0.29073862155963714,0.006676190476190476
yakutsk,456,True,0.049332101806239745,0.15678767883694136,0.2907882353618512,0.0
yakutsk,789,False,0.04964805887872391,0.11933862169562687,0.27953764966947825,0.06037857142857143
yakutsk,789,True,0.04964805887872391,0.1195250877744124,0.2797833345092817,0.0
yakutsk,2024,False,0.04926059699741966,0.14930002863541578,0.35684129884296684,0.048811904761904765
yakutsk,2024,True,0.04926059699741966,0.1498508551071335,0.35716912344743745,0.0
