loc,model,seed,seq_mean_sd,within_sd,step_diff
ankara,real_val,-1,8.211341857910156,4.436554431915283,0.9421839118003845
ankara,statd2gan,42,8.290170669555664,3.872013807296753,1.046465277671814
ankara,timegan,42,0.00624020816758275,9.538138389587402,2.1704893112182617
ankara,rcgan,42,0.03129550814628601,1.6097408533096313,0.21480810642242432
ankara,statd2gan,123,5.893957614898682,4.730103969573975,2.4475977420806885
ankara,timegan,123,0.017649967223405838,10.90285587310791,1.1421759128570557
ankara,rcgan,123,0.06393925845623016,1.7172516584396362,0.16223633289337158
ankara,statd2gan,456,2.6842567920684814,3.6081130504608154,1.1360101699829102
ankara,timegan,456,0.012475308030843735,10.058984756469727,2.009108066558838
ankara,rcgan,456,0.4679414629936218,2.0328500270843506,0.2187803089618683
ankara,statd2gan,789,2.482670545578003,4.905667304992676,0.8687707781791687
ankara,timegan,789,0.04179913178086281,9.470743179321289,1.7727075815200806
ankara,rcgan,789,0.2216043621301651,4.060307025909424,0.23240381479263306
ankara,statd2gan,2024,11.903519630432129,4.615772247314453,1.0010924339294434
ankara,timegan,2024,0.06158294901251793,9.064302444458008,1.7920132875442505
ankara,rcgan,2024,0.038512252271175385,2.149308919906616,0.1985856145620346
dubai,real_val,-1,5.394869327545166,2.651113748550415,0.6110244393348694
dubai,statd2gan,42,4.641167640686035,3.041757822036743,1.3184691667556763
dubai,timegan,42,0.007458012085407972,6.251445293426514,1.250306248664856
dubai,rcgan,42,2.2940051555633545,1.2418256998062134,0.11810906231403351
dubai,statd2gan,123,1.8299726247787476,3.3001203536987305,1.0900204181671143
dubai,timegan,123,0.07420932501554489,6.37825870513916,1.6406861543655396
dubai,rcgan,123,0.01675335504114628,0.8888128399848938,0.08060352504253387
dubai,statd2gan,456,4.783731460571289,3.1308305263519287,1.2153719663619995
dubai,timegan,456,0.5959059000015259,5.493748188018799,1.0293116569519043
dubai,rcgan,456,1.4299226999282837,1.716709017753601,0.10368875414133072
dubai,statd2gan,789,5.365879058837891,3.177158832550049,1.1391710042953491
dubai,timegan,789,0.07090644538402557,6.116109371185303,0.9937070608139038
dubai,rcgan,789,0.04773779585957527,4.432116985321045,0.9180808663368225
dubai,statd2gan,2024,1.5355820655822754,3.2367818355560303,0.7711113691329956
dubai,timegan,2024,0.007453435566276312,5.900127410888672,0.8910517692565918
dubai,rcgan,2024,0.04192407801747322,0.8704746961593628,0.1838984191417694
bergen,real_val,-1,5.175826549530029,2.1411452293395996,0.31815654039382935
bergen,statd2gan,42,4.419097423553467,2.483811140060425,0.594343364238739
bergen,timegan,42,0.03641695901751518,5.504990100860596,0.9449238181114197
bergen,rcgan,42,0.336255818605423,7.48153018951416,0.30738767981529236
bergen,statd2gan,123,4.4042487144470215,2.0537281036376953,0.5918446183204651
bergen,timegan,123,0.039636097848415375,4.827087879180908,1.1730791330337524
bergen,rcgan,123,0.05797553434967995,0.7149829268455505,0.22118768095970154
bergen,statd2gan,456,5.548410892486572,1.8689920902252197,0.3652610778808594
bergen,timegan,456,0.014131851494312286,5.400087833404541,0.8613247275352478
bergen,rcgan,456,0.8381696939468384,1.498060703277588,0.26369979977607727
bergen,statd2gan,789,4.493007183074951,2.0186140537261963,0.629289448261261
bergen,timegan,789,0.01701061986386776,5.54239559173584,0.820652961730957
bergen,rcgan,789,0.06564231216907501,1.5425997972488403,0.17459076642990112
bergen,statd2gan,2024,1.727453589439392,1.6323167085647583,0.4647713303565979
bergen,timegan,2024,0.18641236424446106,5.36590051651001,1.176151990890503
bergen,rcgan,2024,0.16533291339874268,1.4041919708251953,0.17785552144050598
lhasa,real_val,-1,8.654269218444824,4.532528400421143,1.1559549570083618
lhasa,statd2gan,42,7.156879425048828,3.060481548309326,1.0497359037399292
lhasa,timegan,42,0.15164707601070404,9.046744346618652,2.0933268070220947
lhasa,rcgan,42,7.5499982833862305,2.616159677505493,0.24059177935123444
lhasa,statd2gan,123,6.481132984161377,3.906651258468628,1.1506192684173584
lhasa,timegan,123,0.101304791867733,9.358848571777344,1.4616076946258545
lhasa,rcgan,123,0.16610389947891235,2.3717684745788574,0.20393578708171844
lhasa,statd2gan,456,4.839654445648193,5.8422651290893555,1.5140758752822876
lhasa,timegan,456,0.009640872478485107,10.092204093933105,2.327261209487915
lhasa,rcgan,456,0.06816882640123367,3.648770332336426,0.2985439598560333
lhasa,statd2gan,789,2.5766286849975586,4.439168453216553,1.0742484331130981
lhasa,timegan,789,0.007813201285898685,9.363991737365723,2.823214530944824
lhasa,rcgan,789,0.06704326719045639,0.7992327809333801,0.15453201532363892
lhasa,statd2gan,2024,7.365291595458984,4.563612461090088,2.3498282432556152
lhasa,timegan,2024,0.010952720418572426,9.195359230041504,3.1912424564361572
lhasa,rcgan,2024,0.050549913197755814,2.294412612915039,0.16157320141792297
yakutsk,real_val,-1,21.41107177734375,4.777058124542236,0.8431576490402222
yakutsk,statd2gan,42,21.586620330810547,4.726257801055908,0.7552969455718994
yakutsk,timegan,42,0.27832165360450745,21.57778549194336,4.371031284332275
yakutsk,rcgan,42,0.23301516473293304,4.4525322914123535,0.37853601574897766
yakutsk,statd2gan,123,21.669763565063477,4.518515110015869,2.6812825202941895
yakutsk,timegan,123,0.09313361346721649,21.652156829833984,2.535539388656616
yakutsk,rcgan,123,0.17120997607707977,3.0253987312316895,0.28682252764701843
yakutsk,statd2gan,456,20.839710235595703,4.189659118652344,0.7869982123374939
yakutsk,timegan,456,0.034939590841531754,21.90989875793457,2.3757026195526123
yakutsk,rcgan,456,0.3003423511981964,6.718304634094238,0.2763151228427887
yakutsk,statd2gan,789,15.924939155578613,7.9410858154296875,0.6877983808517456
yakutsk,timegan,789,0.1356576532125473,21.159889221191406,1.7358424663543701
yakutsk,rcgan,789,0.04436888173222542,2.936615467071533,0.2729897201061249
yakutsk,statd2gan,2024,19.627246856689453,5.764377593994141,1.5470818281173706
yakutsk,timegan,2024,0.14625927805900574,21.980985641479492,1.5300520658493042
yakutsk,rcgan,2024,0.1947721242904663,6.901229381561279,1.655839204788208
