metric,contrast,median_diff,p_wilcoxon,signs(+),p_holm
ks_stat,no_calibration,0.1105,0.0,AN:5/5 DU:5/5 BE:5/5 LH:5/5 YA:5/5,0.0
ks_stat,no_D_temporal,-0.0001,0.0081,AN:1/5 DU:1/5 BE:2/5 LH:0/5 YA:1/5,0.0565
ks_stat,moment_D_stat,-0.0001,0.0551,AN:2/5 DU:1/5 BE:2/5 LH:1/5 YA:2/5,0.3304
ks_stat,rank_D_sort,0.0001,0.0626,AN:3/5 DU:3/5 BE:4/5 LH:4/5 YA:2/5,0.3131
ks_stat,no_D_stat,-0.0,0.2002,AN:2/5 DU:1/5 BE:3/5 LH:1/5 YA:2/5,0.8009
ks_stat,no_aux_losses,-0.0001,0.2002,AN:2/5 DU:1/5 BE:3/5 LH:1/5 YA:2/5,0.6006
ks_stat,fixed_lambda,-0.0001,0.2752,AN:4/5 DU:1/5 BE:2/5 LH:0/5 YA:2/5,0.5504
ks_stat,no_D_sorted,-0.0,0.6338,AN:3/5 DU:2/5 BE:2/5 LH:2/5 YA:1/5,0.6338
kendall_mae,rank_D_sort,0.0879,0.0004,AN:4/5 DU:5/5 BE:3/5 LH:3/5 YA:5/5,0.003
kendall_mae,no_D_sorted,0.0798,0.0013,AN:2/5 DU:5/5 BE:3/5 LH:4/5 YA:5/5,0.0091
kendall_mae,no_aux_losses,0.0202,0.1409,AN:3/5 DU:3/5 BE:4/5 LH:3/5 YA:2/5,0.8455
kendall_mae,no_D_temporal,-0.0121,0.3957,AN:1/5 DU:4/5 BE:3/5 LH:2/5 YA:0/5,1.0
kendall_mae,fixed_lambda,-0.0055,0.5077,AN:4/5 DU:1/5 BE:2/5 LH:2/5 YA:3/5,1.0
kendall_mae,moment_D_stat,0.02,0.615,AN:3/5 DU:3/5 BE:3/5 LH:2/5 YA:3/5,1.0
kendall_mae,no_calibration,0.0037,0.751,AN:3/5 DU:4/5 BE:3/5 LH:2/5 YA:2/5,1.0
kendall_mae,no_D_stat,0.0118,0.874,AN:4/5 DU:2/5 BE:3/5 LH:2/5 YA:2/5,0.874
acf_mae,rank_D_sort,-0.0662,0.0002,AN:2/5 DU:1/5 BE:0/5 LH:4/5 YA:0/5,0.0013
acf_mae,no_D_stat,0.0443,0.2099,AN:2/5 DU:4/5 BE:2/5 LH:3/5 YA:4/5,1.0
acf_mae,no_D_temporal,0.0251,0.2304,AN:2/5 DU:3/5 BE:2/5 LH:4/5 YA:4/5,1.0
acf_mae,no_aux_losses,0.0235,0.5965,AN:3/5 DU:2/5 BE:4/5 LH:2/5 YA:2/5,1.0
acf_mae,no_calibration,-0.0006,0.8532,AN:1/5 DU:3/5 BE:4/5 LH:1/5 YA:3/5,1.0
acf_mae,moment_D_stat,0.0141,0.8949,AN:2/5 DU:4/5 BE:1/5 LH:2/5 YA:5/5,1.0
acf_mae,no_D_sorted,-0.0215,0.9158,AN:2/5 DU:1/5 BE:3/5 LH:2/5 YA:2/5,1.0
acf_mae,fixed_lambda,0.0163,1.0,AN:3/5 DU:3/5 BE:3/5 LH:2/5 YA:2/5,1.0
phys_viol_rate,no_calibration,-0.0222,0.0,AN:0/5 DU:1/5 BE:0/5 LH:2/5 YA:0/5,0.0
phys_viol_rate,rank_D_sort,0.1208,0.0,AN:4/5 DU:3/5 BE:5/5 LH:4/5 YA:5/5,0.0003
phys_viol_rate,fixed_lambda,-0.004,0.0115,AN:1/5 DU:1/5 BE:2/5 LH:2/5 YA:2/5,0.0687
phys_viol_rate,no_D_temporal,-0.0056,0.0147,AN:1/5 DU:0/5 BE:1/5 LH:2/5 YA:3/5,0.0736
phys_viol_rate,moment_D_stat,-0.0055,0.1135,AN:1/5 DU:1/5 BE:3/5 LH:1/5 YA:2/5,0.454
phys_viol_rate,no_D_sorted,0.0237,0.1563,AN:2/5 DU:3/5 BE:4/5 LH:3/5 YA:5/5,0.469
phys_viol_rate,no_aux_losses,-0.0018,0.2099,AN:1/5 DU:3/5 BE:3/5 LH:2/5 YA:1/5,0.4199
phys_viol_rate,no_D_stat,-0.0061,0.3957,AN:3/5 DU:1/5 BE:3/5 LH:2/5 YA:1/5,0.3957
